-- ============================================================
-- Retail Sales Sample Data (MySQL)
-- Author: Ankit Sharma
-- ============================================================
USE retail_sales;

-- Customers
INSERT INTO customers (customer_id, customer_name, city, signup_date) VALUES
(1, 'Sneha Sharma', 'Agra', '2023-09-08'),
(2, 'Kavya Gupta', 'Lucknow', '2024-11-23'),
(3, 'Simran Verma', 'Jaipur', '2023-02-02'),
(4, 'Ankit Verma', 'Kanpur', '2023-08-27'),
(5, 'Yash Sharma', 'Kanpur', '2024-10-27'),
(6, 'Simran Tiwari', 'Kanpur', '2024-04-04'),
(7, 'Deepak Yadav', 'Bareilly', '2023-06-13'),
(8, 'Pooja Mishra', 'Agra', '2023-06-09'),
(9, 'Rohit Mishra', 'Lucknow', '2023-04-05'),
(10, 'Aman Verma', 'Noida', '2023-12-19'),
(11, 'Ananya Yadav', 'Bareilly', '2024-04-15'),
(12, 'Simran Verma', 'Jaipur', '2023-03-22'),
(13, 'Simran Yadav', 'Noida', '2024-08-14'),
(14, 'Rohit Verma', 'Bareilly', '2024-11-08'),
(15, 'Kavya Yadav', 'Lucknow', '2023-08-27'),
(16, 'Sneha Tiwari', 'Agra', '2024-04-09'),
(17, 'Divya Gupta', 'Noida', '2023-12-30'),
(18, 'Rohit Yadav', 'Lucknow', '2024-09-15'),
(19, 'Neha Singh', 'Delhi', '2024-04-18'),
(20, 'Aman Yadav', 'Kanpur', '2023-11-29'),
(21, 'Priya Singh', 'Bareilly', '2023-11-20'),
(22, 'Aman Yadav', 'Lucknow', '2023-08-05'),
(23, 'Deepak Mishra', 'Kanpur', '2024-11-02'),
(24, 'Ritu Tiwari', 'Pune', '2023-05-27'),
(25, 'Arjun Gupta', 'Kanpur', '2024-07-28'),
(26, 'Simran Yadav', 'Jaipur', '2024-08-20'),
(27, 'Aman Mishra', 'Kanpur', '2023-05-22'),
(28, 'Yash Agarwal', 'Lucknow', '2023-02-18'),
(29, 'Sneha Gupta', 'Delhi', '2024-11-27'),
(30, 'Pooja Verma', 'Jaipur', '2024-01-26'),
(31, 'Ananya Agarwal', 'Agra', '2024-07-20'),
(32, 'Ankit Verma', 'Agra', '2024-10-18'),
(33, 'Karan Verma', 'Agra', '2024-03-21'),
(34, 'Neha Agarwal', 'Bareilly', '2023-09-27'),
(35, 'Yash Gupta', 'Lucknow', '2024-10-02'),
(36, 'Isha Singh', 'Delhi', '2024-01-18'),
(37, 'Neha Sharma', 'Noida', '2024-05-15'),
(38, 'Ankit Verma', 'Noida', '2023-11-11'),
(39, 'Kavya Sharma', 'Kanpur', '2024-08-03'),
(40, 'Rahul Verma', 'Pune', '2023-03-12');

-- Products
INSERT INTO products (product_id, product_name, category, price) VALUES
(1, 'Wireless Mouse', 'Electronics', 499.0),
(2, 'Bluetooth Headphones', 'Electronics', 1499.0),
(3, 'USB-C Cable', 'Electronics', 199.0),
(4, 'Laptop Stand', 'Accessories', 899.0),
(5, 'Mechanical Keyboard', 'Electronics', 2499.0),
(6, 'Notebook Set', 'Stationery', 149.0),
(7, 'Desk Lamp', 'Home', 799.0),
(8, 'Water Bottle', 'Home', 299.0),
(9, 'Backpack', 'Accessories', 1299.0),
(10, 'Phone Case', 'Accessories', 349.0),
(11, 'Power Bank', 'Electronics', 1099.0),
(12, 'Office Chair Cushion', 'Home', 649.0);

-- Orders
INSERT INTO orders (order_id, customer_id, order_date) VALUES
(1, 35, '2024-05-08'),
(2, 17, '2025-06-24'),
(3, 29, '2024-05-03'),
(4, 38, '2025-07-21'),
(5, 4, '2024-08-22'),
(6, 5, '2025-06-10'),
(7, 35, '2024-05-15'),
(8, 28, '2025-02-24'),
(9, 13, '2024-07-13'),
(10, 36, '2024-04-10'),
(11, 1, '2024-04-05'),
(12, 14, '2025-02-14'),
(13, 1, '2025-02-03'),
(14, 13, '2024-10-30'),
(15, 21, '2024-02-28'),
(16, 33, '2025-06-27'),
(17, 5, '2025-09-01'),
(18, 26, '2024-05-02'),
(19, 6, '2025-03-05'),
(20, 9, '2025-11-18'),
(21, 37, '2024-04-12'),
(22, 33, '2024-09-28'),
(23, 19, '2024-06-10'),
(24, 9, '2024-09-27'),
(25, 10, '2024-10-05'),
(26, 32, '2024-09-14'),
(27, 18, '2024-02-15'),
(28, 17, '2024-06-14'),
(29, 3, '2025-01-13'),
(30, 24, '2024-02-10'),
(31, 27, '2025-09-27'),
(32, 2, '2024-07-02'),
(33, 25, '2024-02-09'),
(34, 13, '2025-02-12'),
(35, 35, '2024-12-05'),
(36, 12, '2025-08-17'),
(37, 28, '2025-09-12'),
(38, 13, '2024-09-17'),
(39, 1, '2025-06-16'),
(40, 40, '2024-11-17'),
(41, 33, '2024-11-12'),
(42, 12, '2025-09-22'),
(43, 28, '2025-08-16'),
(44, 11, '2025-11-05'),
(45, 40, '2024-12-09'),
(46, 15, '2024-07-22'),
(47, 40, '2024-03-15'),
(48, 10, '2025-11-02'),
(49, 15, '2024-06-29'),
(50, 36, '2025-09-01'),
(51, 11, '2025-05-01'),
(52, 5, '2025-12-31'),
(53, 9, '2024-06-03'),
(54, 27, '2025-02-21'),
(55, 25, '2025-08-21'),
(56, 31, '2024-01-07'),
(57, 15, '2025-05-14'),
(58, 25, '2024-12-10'),
(59, 38, '2025-07-31'),
(60, 9, '2025-04-17'),
(61, 14, '2025-04-10'),
(62, 31, '2024-01-20'),
(63, 5, '2025-10-29'),
(64, 13, '2024-01-21'),
(65, 37, '2024-08-11'),
(66, 20, '2024-04-20'),
(67, 25, '2025-02-10'),
(68, 20, '2025-12-01'),
(69, 23, '2025-06-29'),
(70, 7, '2025-03-19'),
(71, 18, '2025-09-22'),
(72, 29, '2024-09-06'),
(73, 32, '2024-08-05'),
(74, 1, '2025-06-13'),
(75, 36, '2024-09-03'),
(76, 16, '2024-11-09'),
(77, 22, '2024-12-26'),
(78, 35, '2025-12-07'),
(79, 38, '2025-06-21'),
(80, 20, '2024-01-15'),
(81, 19, '2025-12-15'),
(82, 37, '2024-10-18'),
(83, 5, '2025-02-14'),
(84, 16, '2024-05-01'),
(85, 20, '2025-08-25'),
(86, 17, '2025-11-07'),
(87, 12, '2025-07-19'),
(88, 27, '2025-04-06'),
(89, 17, '2025-10-02'),
(90, 10, '2024-09-29'),
(91, 39, '2025-08-05'),
(92, 33, '2025-07-06'),
(93, 2, '2024-04-03'),
(94, 18, '2025-08-13'),
(95, 34, '2025-10-29'),
(96, 27, '2024-12-07'),
(97, 19, '2025-11-09'),
(98, 26, '2025-06-10'),
(99, 30, '2025-02-27'),
(100, 24, '2025-09-29'),
(101, 29, '2025-12-16'),
(102, 36, '2025-02-21'),
(103, 30, '2024-04-30'),
(104, 27, '2025-05-09'),
(105, 9, '2024-03-12'),
(106, 20, '2025-08-24'),
(107, 25, '2025-04-11'),
(108, 3, '2024-11-21'),
(109, 38, '2024-12-05'),
(110, 34, '2025-04-12'),
(111, 27, '2025-11-01'),
(112, 40, '2025-12-10'),
(113, 3, '2025-09-24'),
(114, 15, '2024-04-02'),
(115, 21, '2024-02-27'),
(116, 27, '2025-08-02'),
(117, 25, '2025-09-26'),
(118, 30, '2025-10-15'),
(119, 11, '2024-03-16'),
(120, 25, '2025-05-09'),
(121, 37, '2025-01-02'),
(122, 37, '2025-12-03'),
(123, 19, '2024-08-23'),
(124, 7, '2025-10-04'),
(125, 3, '2025-08-16'),
(126, 12, '2024-07-24'),
(127, 18, '2024-06-17'),
(128, 10, '2024-08-19'),
(129, 30, '2025-01-12'),
(130, 2, '2025-09-26'),
(131, 8, '2024-05-23'),
(132, 32, '2024-04-28'),
(133, 9, '2025-02-01'),
(134, 32, '2025-09-22'),
(135, 7, '2025-12-03'),
(136, 13, '2024-05-05'),
(137, 37, '2024-07-29'),
(138, 38, '2024-08-09'),
(139, 18, '2024-05-28'),
(140, 2, '2024-05-14'),
(141, 38, '2024-11-27'),
(142, 4, '2024-05-09'),
(143, 7, '2025-04-07'),
(144, 30, '2025-10-20'),
(145, 26, '2025-03-12'),
(146, 5, '2024-03-23'),
(147, 38, '2025-07-15'),
(148, 39, '2025-03-16'),
(149, 36, '2024-08-08'),
(150, 21, '2025-03-13'),
(151, 6, '2024-03-28'),
(152, 24, '2024-05-13'),
(153, 36, '2024-12-03'),
(154, 28, '2024-02-22'),
(155, 14, '2024-06-07'),
(156, 15, '2025-03-15'),
(157, 2, '2024-07-03'),
(158, 10, '2025-08-02'),
(159, 30, '2024-12-15'),
(160, 39, '2024-03-27'),
(161, 40, '2024-02-20'),
(162, 28, '2025-05-12'),
(163, 19, '2025-11-25'),
(164, 1, '2024-07-28'),
(165, 1, '2025-05-24'),
(166, 5, '2025-02-10'),
(167, 30, '2024-03-20'),
(168, 8, '2025-02-18'),
(169, 40, '2025-04-16'),
(170, 26, '2025-06-20'),
(171, 22, '2024-08-14'),
(172, 13, '2024-12-23'),
(173, 17, '2024-07-21'),
(174, 32, '2025-04-20'),
(175, 31, '2025-03-28'),
(176, 20, '2025-04-17'),
(177, 33, '2025-01-28'),
(178, 31, '2025-05-28'),
(179, 6, '2025-05-31'),
(180, 34, '2025-06-19'),
(181, 27, '2024-12-12'),
(182, 5, '2024-12-03'),
(183, 19, '2024-09-15'),
(184, 23, '2024-11-13'),
(185, 34, '2024-04-05'),
(186, 32, '2024-07-15'),
(187, 7, '2025-06-03'),
(188, 40, '2024-05-14'),
(189, 16, '2025-03-30'),
(190, 31, '2024-07-17'),
(191, 33, '2025-06-24'),
(192, 36, '2024-04-15'),
(193, 11, '2024-10-06'),
(194, 27, '2024-02-24'),
(195, 21, '2024-04-11'),
(196, 31, '2025-04-04'),
(197, 17, '2024-08-08'),
(198, 8, '2024-10-22'),
(199, 27, '2025-10-16'),
(200, 10, '2024-10-25'),
(201, 34, '2025-01-04'),
(202, 33, '2025-06-03'),
(203, 3, '2025-10-12'),
(204, 38, '2024-12-06'),
(205, 12, '2025-12-02'),
(206, 13, '2024-02-14'),
(207, 26, '2025-07-10'),
(208, 8, '2025-01-11'),
(209, 34, '2024-09-30'),
(210, 6, '2025-03-16'),
(211, 6, '2024-12-01'),
(212, 23, '2025-04-02'),
(213, 40, '2025-03-21'),
(214, 11, '2024-02-01'),
(215, 9, '2024-03-09'),
(216, 37, '2024-02-03'),
(217, 29, '2024-03-19'),
(218, 18, '2024-09-12'),
(219, 32, '2025-06-14'),
(220, 32, '2024-07-23'),
(221, 29, '2024-06-25'),
(222, 20, '2024-06-10'),
(223, 13, '2024-05-22'),
(224, 37, '2025-01-12'),
(225, 34, '2025-02-24'),
(226, 23, '2024-05-11'),
(227, 8, '2025-06-14'),
(228, 15, '2024-12-20'),
(229, 20, '2025-09-21'),
(230, 38, '2025-08-17'),
(231, 22, '2025-07-31'),
(232, 3, '2025-10-18'),
(233, 32, '2025-10-04'),
(234, 30, '2024-03-15'),
(235, 27, '2025-05-10'),
(236, 9, '2025-01-14'),
(237, 30, '2024-05-05'),
(238, 25, '2025-09-22'),
(239, 30, '2025-05-25'),
(240, 16, '2024-08-08'),
(241, 19, '2025-07-03'),
(242, 9, '2024-09-27'),
(243, 36, '2024-07-18'),
(244, 36, '2024-10-13'),
(245, 26, '2025-01-17'),
(246, 26, '2025-05-27'),
(247, 9, '2025-12-31'),
(248, 9, '2024-12-01'),
(249, 33, '2025-06-05'),
(250, 27, '2025-08-20');

-- Order Items
INSERT INTO order_items (order_item_id, order_id, product_id, quantity) VALUES
(1, 1, 11, 5),
(2, 1, 8, 2),
(3, 2, 4, 4),
(4, 2, 9, 3),
(5, 2, 12, 4),
(6, 2, 5, 5),
(7, 3, 4, 3),
(8, 3, 2, 1),
(9, 4, 10, 1),
(10, 4, 4, 1),
(11, 5, 1, 3),
(12, 6, 5, 4),
(13, 6, 11, 2),
(14, 7, 4, 1),
(15, 7, 8, 1),
(16, 7, 7, 4),
(17, 7, 12, 3),
(18, 8, 12, 4),
(19, 8, 1, 3),
(20, 8, 2, 1),
(21, 8, 11, 2),
(22, 9, 3, 4),
(23, 9, 7, 2),
(24, 9, 12, 1),
(25, 9, 5, 4),
(26, 10, 11, 5),
(27, 11, 3, 4),
(28, 11, 7, 4),
(29, 12, 3, 4),
(30, 13, 8, 5),
(31, 13, 5, 4),
(32, 13, 7, 2),
(33, 14, 1, 5),
(34, 14, 10, 1),
(35, 15, 10, 4),
(36, 16, 1, 1),
(37, 16, 9, 2),
(38, 17, 11, 2),
(39, 18, 10, 1),
(40, 18, 12, 5),
(41, 19, 5, 2),
(42, 19, 4, 3),
(43, 19, 6, 4),
(44, 20, 8, 1),
(45, 20, 6, 4),
(46, 20, 2, 5),
(47, 21, 9, 2),
(48, 22, 6, 2),
(49, 22, 2, 3),
(50, 23, 9, 1),
(51, 23, 5, 5),
(52, 23, 10, 3),
(53, 23, 12, 1),
(54, 24, 2, 5),
(55, 25, 10, 2),
(56, 25, 4, 3),
(57, 25, 6, 5),
(58, 26, 2, 4),
(59, 27, 6, 2),
(60, 28, 9, 1),
(61, 28, 7, 1),
(62, 28, 12, 2),
(63, 28, 1, 5),
(64, 29, 7, 1),
(65, 29, 3, 3),
(66, 30, 4, 1),
(67, 30, 11, 3),
(68, 30, 12, 5),
(69, 31, 4, 2),
(70, 31, 3, 4),
(71, 32, 7, 3),
(72, 32, 11, 2),
(73, 32, 4, 1),
(74, 33, 4, 3),
(75, 33, 12, 2),
(76, 33, 8, 2),
(77, 33, 6, 1),
(78, 34, 5, 3),
(79, 34, 2, 5),
(80, 34, 12, 4),
(81, 35, 2, 3),
(82, 36, 1, 4),
(83, 36, 2, 3),
(84, 36, 10, 3),
(85, 37, 7, 5),
(86, 38, 12, 4),
(87, 39, 6, 1),
(88, 39, 7, 3),
(89, 40, 12, 3),
(90, 41, 6, 2),
(91, 41, 7, 2),
(92, 41, 5, 4),
(93, 41, 9, 4),
(94, 42, 7, 3),
(95, 42, 9, 3),
(96, 42, 1, 2),
(97, 43, 8, 2),
(98, 43, 12, 5),
(99, 43, 11, 4),
(100, 44, 5, 5),
(101, 45, 4, 3),
(102, 46, 1, 2),
(103, 46, 12, 4),
(104, 47, 7, 4),
(105, 47, 11, 4),
(106, 47, 10, 4),
(107, 47, 4, 2),
(108, 48, 2, 4),
(109, 49, 1, 4),
(110, 49, 9, 2),
(111, 49, 4, 4),
(112, 49, 2, 5),
(113, 50, 8, 4),
(114, 50, 10, 5),
(115, 50, 9, 4),
(116, 51, 5, 4),
(117, 51, 4, 2),
(118, 51, 12, 3),
(119, 51, 9, 4),
(120, 52, 4, 3),
(121, 52, 5, 5),
(122, 52, 6, 1),
(123, 53, 7, 2),
(124, 53, 3, 1),
(125, 54, 9, 1),
(126, 54, 8, 2),
(127, 54, 7, 4),
(128, 55, 10, 4),
(129, 56, 5, 5),
(130, 56, 7, 5),
(131, 56, 11, 5),
(132, 57, 5, 4),
(133, 57, 7, 1),
(134, 58, 12, 5),
(135, 58, 3, 5),
(136, 58, 8, 1),
(137, 58, 11, 4),
(138, 59, 2, 4),
(139, 60, 1, 4),
(140, 60, 5, 3),
(141, 61, 6, 4),
(142, 61, 7, 3),
(143, 61, 5, 1),
(144, 62, 6, 2),
(145, 63, 1, 2),
(146, 64, 4, 4),
(147, 64, 3, 1),
(148, 65, 12, 5),
(149, 65, 5, 5),
(150, 65, 6, 1),
(151, 65, 3, 2),
(152, 66, 5, 5),
(153, 67, 2, 2),
(154, 67, 10, 1),
(155, 68, 10, 1),
(156, 69, 11, 3),
(157, 69, 6, 1),
(158, 69, 2, 4),
(159, 69, 9, 4),
(160, 70, 11, 4),
(161, 70, 8, 2),
(162, 70, 3, 5),
(163, 71, 8, 3),
(164, 71, 7, 2),
(165, 71, 10, 1),
(166, 71, 5, 3),
(167, 72, 10, 1),
(168, 72, 12, 4),
(169, 72, 7, 3),
(170, 72, 6, 2),
(171, 73, 5, 5),
(172, 73, 6, 3),
(173, 73, 12, 5),
(174, 74, 2, 4),
(175, 74, 4, 4),
(176, 75, 11, 1),
(177, 75, 8, 3),
(178, 75, 12, 2),
(179, 75, 1, 4),
(180, 76, 8, 3),
(181, 76, 9, 4),
(182, 76, 11, 5),
(183, 77, 5, 1),
(184, 77, 12, 2),
(185, 77, 11, 3),
(186, 77, 4, 1),
(187, 78, 4, 4),
(188, 78, 12, 3),
(189, 79, 2, 2),
(190, 79, 4, 3),
(191, 79, 5, 2),
(192, 80, 5, 1),
(193, 80, 1, 5),
(194, 81, 11, 1),
(195, 81, 8, 1),
(196, 82, 8, 1),
(197, 82, 12, 3),
(198, 82, 6, 4),
(199, 82, 3, 1),
(200, 83, 2, 2);

INSERT INTO order_items (order_item_id, order_id, product_id, quantity) VALUES
(201, 83, 10, 5),
(202, 83, 1, 3),
(203, 83, 3, 1),
(204, 84, 10, 5),
(205, 84, 12, 4),
(206, 84, 11, 4),
(207, 84, 4, 4),
(208, 85, 5, 5),
(209, 85, 10, 1),
(210, 85, 11, 2),
(211, 85, 1, 2),
(212, 86, 3, 2),
(213, 87, 3, 1),
(214, 88, 5, 3),
(215, 88, 1, 4),
(216, 88, 4, 1),
(217, 88, 12, 2),
(218, 89, 7, 5),
(219, 89, 2, 2),
(220, 90, 2, 2),
(221, 90, 1, 3),
(222, 91, 8, 3),
(223, 91, 2, 4),
(224, 91, 12, 3),
(225, 92, 8, 4),
(226, 92, 2, 3),
(227, 92, 10, 5),
(228, 92, 1, 3),
(229, 93, 11, 5),
(230, 93, 10, 1),
(231, 94, 3, 4),
(232, 95, 5, 4),
(233, 95, 3, 1),
(234, 95, 10, 4),
(235, 95, 7, 3),
(236, 96, 11, 3),
(237, 96, 2, 4),
(238, 96, 3, 4),
(239, 97, 9, 3),
(240, 97, 1, 3),
(241, 97, 8, 3),
(242, 97, 2, 1),
(243, 98, 11, 5),
(244, 99, 4, 5),
(245, 100, 11, 3),
(246, 100, 8, 5),
(247, 100, 1, 2),
(248, 100, 4, 3),
(249, 101, 2, 2),
(250, 101, 1, 3),
(251, 101, 10, 5),
(252, 101, 4, 1),
(253, 102, 4, 1),
(254, 103, 8, 5),
(255, 103, 5, 3),
(256, 104, 4, 4),
(257, 104, 8, 2),
(258, 104, 9, 5),
(259, 104, 3, 5),
(260, 105, 7, 3),
(261, 105, 6, 1),
(262, 105, 9, 3),
(263, 106, 3, 3),
(264, 106, 8, 3),
(265, 106, 9, 5),
(266, 106, 11, 5),
(267, 107, 4, 4),
(268, 107, 12, 2),
(269, 107, 10, 4),
(270, 108, 12, 4),
(271, 108, 7, 1),
(272, 108, 11, 2),
(273, 108, 3, 5),
(274, 109, 8, 1),
(275, 110, 12, 2),
(276, 111, 2, 3),
(277, 111, 8, 3),
(278, 112, 11, 4),
(279, 112, 2, 3),
(280, 112, 6, 4),
(281, 112, 9, 5),
(282, 113, 4, 3),
(283, 114, 2, 2),
(284, 114, 11, 3),
(285, 114, 12, 1),
(286, 114, 8, 1),
(287, 115, 6, 2),
(288, 115, 12, 2),
(289, 115, 7, 5),
(290, 116, 3, 1),
(291, 116, 12, 5),
(292, 117, 8, 2),
(293, 117, 10, 2),
(294, 118, 8, 4),
(295, 118, 5, 3),
(296, 118, 1, 5),
(297, 119, 6, 3),
(298, 119, 10, 4),
(299, 119, 5, 3),
(300, 119, 7, 2),
(301, 120, 4, 4),
(302, 121, 12, 4),
(303, 121, 5, 3),
(304, 121, 1, 1),
(305, 122, 10, 4),
(306, 123, 4, 5),
(307, 123, 11, 3),
(308, 123, 12, 2),
(309, 124, 5, 4),
(310, 125, 12, 3),
(311, 125, 3, 3),
(312, 125, 2, 4),
(313, 126, 9, 5),
(314, 126, 6, 5),
(315, 127, 8, 1),
(316, 127, 5, 4),
(317, 127, 6, 1),
(318, 128, 9, 1),
(319, 128, 6, 3),
(320, 128, 2, 5),
(321, 128, 7, 1),
(322, 129, 10, 1),
(323, 129, 7, 2),
(324, 129, 6, 4),
(325, 130, 10, 4),
(326, 130, 4, 3),
(327, 130, 2, 4),
(328, 131, 1, 3),
(329, 132, 4, 5),
(330, 133, 6, 5),
(331, 133, 11, 2),
(332, 133, 9, 4),
(333, 133, 7, 1),
(334, 134, 5, 4),
(335, 134, 1, 4),
(336, 134, 6, 2),
(337, 134, 4, 3),
(338, 135, 9, 1),
(339, 135, 11, 4),
(340, 135, 6, 3),
(341, 136, 2, 1),
(342, 136, 11, 3),
(343, 136, 4, 2),
(344, 136, 1, 2),
(345, 137, 9, 2),
(346, 138, 6, 5),
(347, 138, 3, 1),
(348, 139, 9, 2),
(349, 139, 5, 1),
(350, 140, 6, 2),
(351, 141, 3, 3),
(352, 142, 9, 4),
(353, 142, 2, 3),
(354, 142, 11, 5),
(355, 142, 8, 5),
(356, 143, 10, 5),
(357, 143, 1, 3),
(358, 144, 1, 4),
(359, 145, 8, 4),
(360, 146, 10, 2),
(361, 146, 3, 3),
(362, 146, 2, 5),
(363, 147, 7, 3),
(364, 147, 10, 4),
(365, 147, 9, 5),
(366, 148, 12, 1),
(367, 149, 8, 4),
(368, 149, 4, 4),
(369, 149, 7, 4),
(370, 149, 6, 1),
(371, 150, 11, 2),
(372, 150, 5, 4),
(373, 150, 6, 1),
(374, 151, 7, 1),
(375, 152, 10, 5),
(376, 153, 7, 3),
(377, 154, 10, 1),
(378, 154, 5, 5),
(379, 154, 6, 5),
(380, 155, 4, 3),
(381, 155, 2, 1),
(382, 155, 6, 3),
(383, 155, 9, 5),
(384, 156, 10, 3),
(385, 157, 12, 3),
(386, 157, 5, 1),
(387, 157, 6, 2),
(388, 158, 2, 5),
(389, 158, 3, 2),
(390, 158, 1, 4),
(391, 158, 12, 4),
(392, 159, 6, 3),
(393, 159, 5, 5),
(394, 160, 3, 2),
(395, 161, 5, 4),
(396, 162, 7, 1),
(397, 162, 5, 3),
(398, 162, 4, 4),
(399, 162, 9, 1),
(400, 163, 9, 2);

INSERT INTO order_items (order_item_id, order_id, product_id, quantity) VALUES
(401, 163, 11, 4),
(402, 163, 5, 5),
(403, 163, 1, 1),
(404, 164, 4, 3),
(405, 164, 3, 3),
(406, 164, 5, 1),
(407, 165, 3, 2),
(408, 165, 12, 5),
(409, 165, 7, 5),
(410, 165, 9, 3),
(411, 166, 7, 1),
(412, 167, 10, 4),
(413, 167, 7, 4),
(414, 167, 12, 3),
(415, 168, 6, 2),
(416, 169, 2, 2),
(417, 169, 7, 4),
(418, 169, 12, 5),
(419, 170, 7, 3),
(420, 171, 3, 1),
(421, 171, 2, 5),
(422, 171, 9, 5),
(423, 172, 12, 2),
(424, 172, 11, 1),
(425, 172, 3, 2),
(426, 173, 10, 1),
(427, 173, 3, 2),
(428, 174, 11, 3),
(429, 174, 10, 2),
(430, 174, 12, 4),
(431, 174, 6, 1),
(432, 175, 5, 3),
(433, 175, 10, 5),
(434, 175, 1, 1),
(435, 176, 1, 1),
(436, 176, 12, 1),
(437, 176, 6, 5),
(438, 176, 5, 5),
(439, 177, 10, 5),
(440, 177, 9, 2),
(441, 177, 1, 3),
(442, 177, 8, 5),
(443, 178, 1, 1),
(444, 178, 8, 3),
(445, 179, 1, 4),
(446, 179, 4, 4),
(447, 180, 6, 3),
(448, 180, 12, 4),
(449, 181, 11, 3),
(450, 182, 9, 4),
(451, 183, 6, 5),
(452, 183, 2, 2),
(453, 184, 3, 5),
(454, 184, 10, 4),
(455, 184, 2, 3),
(456, 184, 5, 2),
(457, 185, 9, 3),
(458, 185, 6, 2),
(459, 185, 1, 2),
(460, 185, 11, 3),
(461, 186, 3, 1),
(462, 186, 12, 3),
(463, 187, 11, 3),
(464, 188, 3, 4),
(465, 188, 12, 1),
(466, 188, 11, 4),
(467, 188, 10, 3),
(468, 189, 12, 5),
(469, 189, 8, 2),
(470, 189, 4, 3),
(471, 190, 11, 4),
(472, 190, 10, 3),
(473, 190, 8, 4),
(474, 191, 3, 3),
(475, 191, 4, 1),
(476, 191, 10, 4),
(477, 191, 12, 3),
(478, 192, 5, 1),
(479, 193, 9, 2),
(480, 193, 3, 4),
(481, 193, 7, 3),
(482, 193, 2, 1),
(483, 194, 9, 1),
(484, 194, 6, 3),
(485, 194, 4, 2),
(486, 194, 7, 1),
(487, 195, 3, 3),
(488, 195, 12, 4),
(489, 195, 1, 2),
(490, 196, 2, 1),
(491, 197, 9, 5),
(492, 197, 10, 4),
(493, 198, 5, 1),
(494, 198, 2, 2),
(495, 199, 2, 1),
(496, 199, 12, 5),
(497, 199, 8, 5),
(498, 199, 9, 2),
(499, 200, 1, 5),
(500, 200, 10, 4),
(501, 200, 6, 2),
(502, 200, 4, 1),
(503, 201, 9, 5),
(504, 202, 7, 4),
(505, 203, 6, 1),
(506, 203, 5, 3),
(507, 203, 1, 2),
(508, 203, 12, 1),
(509, 204, 1, 5),
(510, 204, 6, 3),
(511, 205, 12, 1),
(512, 205, 8, 4),
(513, 205, 3, 1),
(514, 205, 10, 3),
(515, 206, 1, 3),
(516, 206, 6, 5),
(517, 207, 5, 3),
(518, 207, 1, 1),
(519, 207, 4, 3),
(520, 207, 12, 3),
(521, 208, 7, 2),
(522, 208, 8, 4),
(523, 208, 12, 4),
(524, 208, 6, 3),
(525, 209, 12, 4),
(526, 210, 9, 3),
(527, 210, 5, 1),
(528, 211, 5, 4),
(529, 211, 8, 2),
(530, 211, 10, 4),
(531, 212, 12, 3),
(532, 213, 11, 4),
(533, 213, 1, 3),
(534, 213, 2, 5),
(535, 214, 10, 4),
(536, 214, 11, 1),
(537, 215, 11, 3),
(538, 215, 6, 4),
(539, 216, 11, 3),
(540, 216, 8, 3),
(541, 217, 9, 4),
(542, 217, 6, 3),
(543, 218, 1, 2),
(544, 219, 9, 4),
(545, 219, 2, 2),
(546, 219, 5, 5),
(547, 219, 10, 3),
(548, 220, 3, 1),
(549, 221, 2, 1),
(550, 221, 11, 5),
(551, 221, 6, 5),
(552, 221, 10, 3),
(553, 222, 6, 2),
(554, 222, 9, 1),
(555, 223, 8, 3),
(556, 223, 1, 5),
(557, 224, 9, 1),
(558, 224, 3, 3),
(559, 224, 10, 4),
(560, 224, 2, 4),
(561, 225, 10, 1),
(562, 225, 2, 4),
(563, 225, 3, 4),
(564, 225, 6, 5),
(565, 226, 3, 5),
(566, 226, 7, 1),
(567, 227, 5, 2),
(568, 227, 3, 3),
(569, 228, 2, 5),
(570, 228, 5, 3),
(571, 228, 4, 2),
(572, 229, 9, 2),
(573, 230, 3, 5),
(574, 230, 11, 5),
(575, 231, 1, 1),
(576, 232, 11, 4),
(577, 232, 4, 5),
(578, 232, 10, 1),
(579, 233, 11, 2),
(580, 233, 5, 4),
(581, 233, 8, 3),
(582, 234, 3, 4),
(583, 235, 4, 3),
(584, 235, 6, 3),
(585, 235, 10, 3),
(586, 235, 3, 4),
(587, 236, 6, 2),
(588, 237, 8, 1),
(589, 237, 4, 1),
(590, 237, 3, 3),
(591, 238, 4, 2),
(592, 238, 3, 2),
(593, 238, 6, 4),
(594, 238, 10, 5),
(595, 239, 8, 4),
(596, 239, 1, 5),
(597, 239, 2, 4),
(598, 240, 1, 4),
(599, 240, 12, 5),
(600, 240, 5, 4);

INSERT INTO order_items (order_item_id, order_id, product_id, quantity) VALUES
(601, 241, 2, 4),
(602, 242, 7, 4),
(603, 242, 6, 1),
(604, 242, 1, 5),
(605, 243, 9, 4),
(606, 243, 5, 5),
(607, 243, 2, 4),
(608, 244, 3, 1),
(609, 245, 9, 2),
(610, 245, 6, 5),
(611, 245, 3, 5),
(612, 246, 1, 1),
(613, 247, 8, 2),
(614, 247, 9, 5),
(615, 247, 12, 5),
(616, 248, 3, 3),
(617, 248, 7, 5),
(618, 248, 10, 3),
(619, 249, 12, 1),
(620, 249, 10, 3),
(621, 249, 5, 3),
(622, 249, 8, 1),
(623, 250, 12, 5),
(624, 250, 11, 4),
(625, 250, 1, 3);

